user_id,birth_date,sex,genre_preference,author_preference,book_id,book_title,description,num_pages,pre_rating,publication,author_id,genre_id,user_rating
1,1973-01-05 12:22:49,0,"[4, 3]",[],1,the name of the rose,the year is 1327 benedictines in a wealthy italian abbey are suspected of heresy and brother william of baskerville arrives to investigate when his delicate mission is suddenly overshadowed by seven bizarre deaths brother william turns detective his tools are the logic of aristotle the theology of aquinas the empirical insights of roger baconall sharpened to a glistening edge by wry humor and a ferocious curiosity he collects evidence deciphers secret symbols and coded manuscripts and digs into the eerie labyrinth of the abbey where the most interesting things happen at night,536,4.14,1980-01-01,1,"1,2,3,4,5,6,7",3.33
1,1973-01-05 12:22:49,0,"[4, 3]",[],2,the clan of the cave bear,"this novel of awesome beauty and power is a moving saga about people relationships and the boundaries of love through jean m auels magnificent storytelling we are taken back to the dawn of modern humans and with a girl named ayla we are swept up in the harsh and beautiful ice age world they shared with the ones who called themselves the clan of the cave beara natural disaster leaves the young girl wandering alone in an unfamiliar and dangerous land until she is found by a woman of the clan people very different from her own kind to them blond blueeyed ayla looks peculiar and uglyshe is one of the others those who have moved into their ancient homeland but iza cannot leave the girl to die and takes her with them iza and creb the old mogur grow to love her and as ayla learns the ways of the clan and izas way of healing most come to accept her but the brutal and proud youth who is destined to become their next leader sees her differences as a threat to his authority he develops a deep and abiding hatred for the strange girl of the others who lives in their midst and is determined to get his revenge",512,4.09,1980-01-01,5,"1,3,4,7,18,24,28",2.86
1,1973-01-05 12:22:49,0,"[4, 3]",[],3,firestarter,"the department of scientific intelligence aka the shop never anticipated that two participants in their research program would marry and have a child charlie mcgee inherited pyrokinetic powers from her parents who had been given a lowgrade hallucinogen called lot six while at college now the government is trying to capture young charlie and harness her powerful firestarting skills as a weaponstephenkingcom",564,3.91,1980-01-01,4,"7,16,17,19,21,24,34",5.0
1,1973-01-05 12:22:49,0,"[4, 3]",[],4,cosmos,the story of fifteen billion years of cosmic evolution transforming matter and life into consciousness of how science and civilisation grew up together and of the forces and individuals who helped shape modern science a story told with carl sagans remarkable ability to make scientific ideas both comprehensible and exciting based on his acclaimed television series,384,4.39,1980-01-01,6,"36,37,38,39,40,41,42",4.84
1,1973-01-05 12:22:49,0,"[4, 3]",[],5,a confederacy of dunces,"here is ignatius reilly slob extraordinary a mad oliver hardy a fat don quixote a perverse thomas aquinas rolled into one who is in violent revolt against the entire modern age lying in his flannel nightshirt in a back bedroom on constantinople street in new orleans who between gigantic seizures of flatulence and eructations is filling dozens of big chief tablets with invectivehis mother thinks he needs to go to work he does in a succession of jobs each job rapidly escalates into a lunatic adventure a fullblown disaster yet each has like don quixotes its own eerie logichis girlfriend myrna minkoff of the bronx thinks he needs sex ignatius is an intellectual ideologue deadbeat goofoff glutton who should repel the reader with his gargantuan bloats his thunderous contempt and oneman war against everybody freud homosexuals heterosexuals protestants and the assorted excesses of modern times a tragicomedy set in new orleans",394,3.89,1980-01-01,2,"3,5,7,9,11,12,14",2.27
1,1973-01-05 12:22:49,0,"[4, 3]",[],6,the bourne identity,"who is jason bourne is he an assassin a terrorist a thief why has he got four million dollars in a swiss bank account why has someone tried to murder himjason bourne does not know the answer to any of these questions suffering from amnesia he does not even know that he is jason bourne what manner of man is he what are his secrets who has he killed",566,4.05,1980-01-01,7,"2,7,17,18,21,47,49",5.0
1,1973-01-05 12:22:49,0,"[4, 3]",[],7,congo,"deep in the african rain forest near the legendary ruins of the lost city of zinj an expedition of eight american geologists is mysteriously and brutally killed in a matter of minutesten thousand miles away karen ross the congo project supervisor watches a gruesome video transmission of the aftermath a camp destroyed tents crushed and torn equipment scattered in the mud alongside dead bodies  all motionless except for one moving image  a grainy dark manshaped blurin san francisco primatologist peter elliot works with amy a gorilla with an extraordinary vocabulary of 620 signs the most ever learned by a primate and she likes to fingerpaint but recently her behavior has been erratic and her drawings match with stunning accuracy the brittle pages of a portuguese print dating back to 1642    a drawing of an ancient lost city a new expedition  along with amy  is sent into the congo where they enter a secret world and the only way out may be through a horrifying death source michaelcrichtoncom",480,3.62,1980-01-01,3,"2,7,16,17,18,19,21",1.01
1,1973-01-05 12:22:49,0,"[4, 3]",[],8,one corpse too many,in the summer of 1138 war between king stephen and the empress maud takes brother cadfael from the quiet world of his garden into a battlefield of passions deceptions and death not far from the safety of the abbey walls shrewsbury castle falls leaving its ninetyfour defenders loyal to the empress to hang as traitors with a heavy heart brother cadfael agrees to bury the dead only to make a grisly discovery one extra victim that has been strangled not hanged,214,4.08,1979-01-01,9,"1,2,4,7,57,58,64",0.0
1,1973-01-05 12:22:49,0,"[4, 3]",[],9,the indian in the cupboard,"at first omri is unimpressed with the plastic indian toy he is given for his birthday but when he puts it in his old cupboard and turns the key something extraordinary happens that will change omris life for ever for little bear the iroquois indian brave comes to life",192,3.93,1980-01-01,10,"3,7,24,60,62,65,66",2.27
1,1973-01-05 12:22:49,0,"[4, 3]",[],10,the prince of tides,"pat conroy has created a huge brash thunderstorm of a novel stinging with honesty and resounding with drama spanning forty years this is the story of turbulent tom wingo his gifted and troubled twin sister savannah and the dark and violent past of the extraordinary family into which they were born",679,4.25,1986-01-01,8,"3,5,7,52,53,54,55",4.8
2,1926-01-18 07:51:04,0,"[35, 15, 23, 20, 19, 38]","[1, 9, 8]",1,the name of the rose,the year is 1327 benedictines in a wealthy italian abbey are suspected of heresy and brother william of baskerville arrives to investigate when his delicate mission is suddenly overshadowed by seven bizarre deaths brother william turns detective his tools are the logic of aristotle the theology of aquinas the empirical insights of roger baconall sharpened to a glistening edge by wry humor and a ferocious curiosity he collects evidence deciphers secret symbols and coded manuscripts and digs into the eerie labyrinth of the abbey where the most interesting things happen at night,536,4.14,1980-01-01,1,"1,2,3,4,5,6,7",1.05
2,1926-01-18 07:51:04,0,"[35, 15, 23, 20, 19, 38]","[1, 9, 8]",2,the clan of the cave bear,"this novel of awesome beauty and power is a moving saga about people relationships and the boundaries of love through jean m auels magnificent storytelling we are taken back to the dawn of modern humans and with a girl named ayla we are swept up in the harsh and beautiful ice age world they shared with the ones who called themselves the clan of the cave beara natural disaster leaves the young girl wandering alone in an unfamiliar and dangerous land until she is found by a woman of the clan people very different from her own kind to them blond blueeyed ayla looks peculiar and uglyshe is one of the others those who have moved into their ancient homeland but iza cannot leave the girl to die and takes her with them iza and creb the old mogur grow to love her and as ayla learns the ways of the clan and izas way of healing most come to accept her but the brutal and proud youth who is destined to become their next leader sees her differences as a threat to his authority he develops a deep and abiding hatred for the strange girl of the others who lives in their midst and is determined to get his revenge",512,4.09,1980-01-01,5,"1,3,4,7,18,24,28",0.9
2,1926-01-18 07:51:04,0,"[35, 15, 23, 20, 19, 38]","[1, 9, 8]",3,firestarter,"the department of scientific intelligence aka the shop never anticipated that two participants in their research program would marry and have a child charlie mcgee inherited pyrokinetic powers from her parents who had been given a lowgrade hallucinogen called lot six while at college now the government is trying to capture young charlie and harness her powerful firestarting skills as a weaponstephenkingcom",564,3.91,1980-01-01,4,"7,16,17,19,21,24,34",0.7
2,1926-01-18 07:51:04,0,"[35, 15, 23, 20, 19, 38]","[1, 9, 8]",4,cosmos,the story of fifteen billion years of cosmic evolution transforming matter and life into consciousness of how science and civilisation grew up together and of the forces and individuals who helped shape modern science a story told with carl sagans remarkable ability to make scientific ideas both comprehensible and exciting based on his acclaimed television series,384,4.39,1980-01-01,6,"36,37,38,39,40,41,42",0.99
2,1926-01-18 07:51:04,0,"[35, 15, 23, 20, 19, 38]","[1, 9, 8]",5,a confederacy of dunces,"here is ignatius reilly slob extraordinary a mad oliver hardy a fat don quixote a perverse thomas aquinas rolled into one who is in violent revolt against the entire modern age lying in his flannel nightshirt in a back bedroom on constantinople street in new orleans who between gigantic seizures of flatulence and eructations is filling dozens of big chief tablets with invectivehis mother thinks he needs to go to work he does in a succession of jobs each job rapidly escalates into a lunatic adventure a fullblown disaster yet each has like don quixotes its own eerie logichis girlfriend myrna minkoff of the bronx thinks he needs sex ignatius is an intellectual ideologue deadbeat goofoff glutton who should repel the reader with his gargantuan bloats his thunderous contempt and oneman war against everybody freud homosexuals heterosexuals protestants and the assorted excesses of modern times a tragicomedy set in new orleans",394,3.89,1980-01-01,2,"3,5,7,9,11,12,14",0.71
2,1926-01-18 07:51:04,0,"[35, 15, 23, 20, 19, 38]","[1, 9, 8]",6,the bourne identity,"who is jason bourne is he an assassin a terrorist a thief why has he got four million dollars in a swiss bank account why has someone tried to murder himjason bourne does not know the answer to any of these questions suffering from amnesia he does not even know that he is jason bourne what manner of man is he what are his secrets who has he killed",566,4.05,1980-01-01,7,"2,7,17,18,21,47,49",5.0
2,1926-01-18 07:51:04,0,"[35, 15, 23, 20, 19, 38]","[1, 9, 8]",7,congo,"deep in the african rain forest near the legendary ruins of the lost city of zinj an expedition of eight american geologists is mysteriously and brutally killed in a matter of minutesten thousand miles away karen ross the congo project supervisor watches a gruesome video transmission of the aftermath a camp destroyed tents crushed and torn equipment scattered in the mud alongside dead bodies  all motionless except for one moving image  a grainy dark manshaped blurin san francisco primatologist peter elliot works with amy a gorilla with an extraordinary vocabulary of 620 signs the most ever learned by a primate and she likes to fingerpaint but recently her behavior has been erratic and her drawings match with stunning accuracy the brittle pages of a portuguese print dating back to 1642    a drawing of an ancient lost city a new expedition  along with amy  is sent into the congo where they enter a secret world and the only way out may be through a horrifying death source michaelcrichtoncom",480,3.62,1980-01-01,3,"2,7,16,17,18,19,21",0.32
2,1926-01-18 07:51:04,0,"[35, 15, 23, 20, 19, 38]","[1, 9, 8]",8,one corpse too many,in the summer of 1138 war between king stephen and the empress maud takes brother cadfael from the quiet world of his garden into a battlefield of passions deceptions and death not far from the safety of the abbey walls shrewsbury castle falls leaving its ninetyfour defenders loyal to the empress to hang as traitors with a heavy heart brother cadfael agrees to bury the dead only to make a grisly discovery one extra victim that has been strangled not hanged,214,4.08,1979-01-01,9,"1,2,4,7,57,58,64",0.0
2,1926-01-18 07:51:04,0,"[35, 15, 23, 20, 19, 38]","[1, 9, 8]",9,the indian in the cupboard,"at first omri is unimpressed with the plastic indian toy he is given for his birthday but when he puts it in his old cupboard and turns the key something extraordinary happens that will change omris life for ever for little bear the iroquois indian brave comes to life",192,3.93,1980-01-01,10,"3,7,24,60,62,65,66",0.46
2,1926-01-18 07:51:04,0,"[35, 15, 23, 20, 19, 38]","[1, 9, 8]",10,the prince of tides,"pat conroy has created a huge brash thunderstorm of a novel stinging with honesty and resounding with drama spanning forty years this is the story of turbulent tom wingo his gifted and troubled twin sister savannah and the dark and violent past of the extraordinary family into which they were born",679,4.25,1986-01-01,8,"3,5,7,52,53,54,55",0.98
3,1981-05-01 22:43:15,1,"[32, 14]","[8, 1, 3, 7, 5]",1,the name of the rose,the year is 1327 benedictines in a wealthy italian abbey are suspected of heresy and brother william of baskerville arrives to investigate when his delicate mission is suddenly overshadowed by seven bizarre deaths brother william turns detective his tools are the logic of aristotle the theology of aquinas the empirical insights of roger baconall sharpened to a glistening edge by wry humor and a ferocious curiosity he collects evidence deciphers secret symbols and coded manuscripts and digs into the eerie labyrinth of the abbey where the most interesting things happen at night,536,4.14,1980-01-01,1,"1,2,3,4,5,6,7",1.21
3,1981-05-01 22:43:15,1,"[32, 14]","[8, 1, 3, 7, 5]",2,the clan of the cave bear,"this novel of awesome beauty and power is a moving saga about people relationships and the boundaries of love through jean m auels magnificent storytelling we are taken back to the dawn of modern humans and with a girl named ayla we are swept up in the harsh and beautiful ice age world they shared with the ones who called themselves the clan of the cave beara natural disaster leaves the young girl wandering alone in an unfamiliar and dangerous land until she is found by a woman of the clan people very different from her own kind to them blond blueeyed ayla looks peculiar and uglyshe is one of the others those who have moved into their ancient homeland but iza cannot leave the girl to die and takes her with them iza and creb the old mogur grow to love her and as ayla learns the ways of the clan and izas way of healing most come to accept her but the brutal and proud youth who is destined to become their next leader sees her differences as a threat to his authority he develops a deep and abiding hatred for the strange girl of the others who lives in their midst and is determined to get his revenge",512,4.09,1980-01-01,5,"1,3,4,7,18,24,28",1.03
3,1981-05-01 22:43:15,1,"[32, 14]","[8, 1, 3, 7, 5]",3,firestarter,"the department of scientific intelligence aka the shop never anticipated that two participants in their research program would marry and have a child charlie mcgee inherited pyrokinetic powers from her parents who had been given a lowgrade hallucinogen called lot six while at college now the government is trying to capture young charlie and harness her powerful firestarting skills as a weaponstephenkingcom",564,3.91,1980-01-01,4,"7,16,17,19,21,24,34",0.78
3,1981-05-01 22:43:15,1,"[32, 14]","[8, 1, 3, 7, 5]",4,cosmos,the story of fifteen billion years of cosmic evolution transforming matter and life into consciousness of how science and civilisation grew up together and of the forces and individuals who helped shape modern science a story told with carl sagans remarkable ability to make scientific ideas both comprehensible and exciting based on his acclaimed television series,384,4.39,1980-01-01,6,"36,37,38,39,40,41,42",1.13
3,1981-05-01 22:43:15,1,"[32, 14]","[8, 1, 3, 7, 5]",5,a confederacy of dunces,"here is ignatius reilly slob extraordinary a mad oliver hardy a fat don quixote a perverse thomas aquinas rolled into one who is in violent revolt against the entire modern age lying in his flannel nightshirt in a back bedroom on constantinople street in new orleans who between gigantic seizures of flatulence and eructations is filling dozens of big chief tablets with invectivehis mother thinks he needs to go to work he does in a succession of jobs each job rapidly escalates into a lunatic adventure a fullblown disaster yet each has like don quixotes its own eerie logichis girlfriend myrna minkoff of the bronx thinks he needs sex ignatius is an intellectual ideologue deadbeat goofoff glutton who should repel the reader with his gargantuan bloats his thunderous contempt and oneman war against everybody freud homosexuals heterosexuals protestants and the assorted excesses of modern times a tragicomedy set in new orleans",394,3.89,1980-01-01,2,"3,5,7,9,11,12,14",0.82
3,1981-05-01 22:43:15,1,"[32, 14]","[8, 1, 3, 7, 5]",6,the bourne identity,"who is jason bourne is he an assassin a terrorist a thief why has he got four million dollars in a swiss bank account why has someone tried to murder himjason bourne does not know the answer to any of these questions suffering from amnesia he does not even know that he is jason bourne what manner of man is he what are his secrets who has he killed",566,4.05,1980-01-01,7,"2,7,17,18,21,47,49",1.17
3,1981-05-01 22:43:15,1,"[32, 14]","[8, 1, 3, 7, 5]",7,congo,"deep in the african rain forest near the legendary ruins of the lost city of zinj an expedition of eight american geologists is mysteriously and brutally killed in a matter of minutesten thousand miles away karen ross the congo project supervisor watches a gruesome video transmission of the aftermath a camp destroyed tents crushed and torn equipment scattered in the mud alongside dead bodies  all motionless except for one moving image  a grainy dark manshaped blurin san francisco primatologist peter elliot works with amy a gorilla with an extraordinary vocabulary of 620 signs the most ever learned by a primate and she likes to fingerpaint but recently her behavior has been erratic and her drawings match with stunning accuracy the brittle pages of a portuguese print dating back to 1642    a drawing of an ancient lost city a new expedition  along with amy  is sent into the congo where they enter a secret world and the only way out may be through a horrifying death source michaelcrichtoncom",480,3.62,1980-01-01,3,"2,7,16,17,18,19,21",0.37
3,1981-05-01 22:43:15,1,"[32, 14]","[8, 1, 3, 7, 5]",8,one corpse too many,in the summer of 1138 war between king stephen and the empress maud takes brother cadfael from the quiet world of his garden into a battlefield of passions deceptions and death not far from the safety of the abbey walls shrewsbury castle falls leaving its ninetyfour defenders loyal to the empress to hang as traitors with a heavy heart brother cadfael agrees to bury the dead only to make a grisly discovery one extra victim that has been strangled not hanged,214,4.08,1979-01-01,9,"1,2,4,7,57,58,64",0.0
3,1981-05-01 22:43:15,1,"[32, 14]","[8, 1, 3, 7, 5]",9,the indian in the cupboard,"at first omri is unimpressed with the plastic indian toy he is given for his birthday but when he puts it in his old cupboard and turns the key something extraordinary happens that will change omris life for ever for little bear the iroquois indian brave comes to life",192,3.93,1980-01-01,10,"3,7,24,60,62,65,66",5.0
3,1981-05-01 22:43:15,1,"[32, 14]","[8, 1, 3, 7, 5]",10,the prince of tides,"pat conroy has created a huge brash thunderstorm of a novel stinging with honesty and resounding with drama spanning forty years this is the story of turbulent tom wingo his gifted and troubled twin sister savannah and the dark and violent past of the extraordinary family into which they were born",679,4.25,1986-01-01,8,"3,5,7,52,53,54,55",1.12
4,1963-08-17 16:40:36,0,"[33, 24, 25, 34, 8, 23, 36, 6, 2, 29, 5, 15, 17, 26, 31, 3, 27, 18, 12, 32, 13, 22]",[1],1,the name of the rose,the year is 1327 benedictines in a wealthy italian abbey are suspected of heresy and brother william of baskerville arrives to investigate when his delicate mission is suddenly overshadowed by seven bizarre deaths brother william turns detective his tools are the logic of aristotle the theology of aquinas the empirical insights of roger baconall sharpened to a glistening edge by wry humor and a ferocious curiosity he collects evidence deciphers secret symbols and coded manuscripts and digs into the eerie labyrinth of the abbey where the most interesting things happen at night,536,4.14,1980-01-01,1,"1,2,3,4,5,6,7",0.7
4,1963-08-17 16:40:36,0,"[33, 24, 25, 34, 8, 23, 36, 6, 2, 29, 5, 15, 17, 26, 31, 3, 27, 18, 12, 32, 13, 22]",[1],2,the clan of the cave bear,"this novel of awesome beauty and power is a moving saga about people relationships and the boundaries of love through jean m auels magnificent storytelling we are taken back to the dawn of modern humans and with a girl named ayla we are swept up in the harsh and beautiful ice age world they shared with the ones who called themselves the clan of the cave beara natural disaster leaves the young girl wandering alone in an unfamiliar and dangerous land until she is found by a woman of the clan people very different from her own kind to them blond blueeyed ayla looks peculiar and uglyshe is one of the others those who have moved into their ancient homeland but iza cannot leave the girl to die and takes her with them iza and creb the old mogur grow to love her and as ayla learns the ways of the clan and izas way of healing most come to accept her but the brutal and proud youth who is destined to become their next leader sees her differences as a threat to his authority he develops a deep and abiding hatred for the strange girl of the others who lives in their midst and is determined to get his revenge",512,4.09,1980-01-01,5,"1,3,4,7,18,24,28",1.08
4,1963-08-17 16:40:36,0,"[33, 24, 25, 34, 8, 23, 36, 6, 2, 29, 5, 15, 17, 26, 31, 3, 27, 18, 12, 32, 13, 22]",[1],3,firestarter,"the department of scientific intelligence aka the shop never anticipated that two participants in their research program would marry and have a child charlie mcgee inherited pyrokinetic powers from her parents who had been given a lowgrade hallucinogen called lot six while at college now the government is trying to capture young charlie and harness her powerful firestarting skills as a weaponstephenkingcom",564,3.91,1980-01-01,4,"7,16,17,19,21,24,34",0.93
4,1963-08-17 16:40:36,0,"[33, 24, 25, 34, 8, 23, 36, 6, 2, 29, 5, 15, 17, 26, 31, 3, 27, 18, 12, 32, 13, 22]",[1],4,cosmos,the story of fifteen billion years of cosmic evolution transforming matter and life into consciousness of how science and civilisation grew up together and of the forces and individuals who helped shape modern science a story told with carl sagans remarkable ability to make scientific ideas both comprehensible and exciting based on his acclaimed television series,384,4.39,1980-01-01,6,"36,37,38,39,40,41,42",0.66
4,1963-08-17 16:40:36,0,"[33, 24, 25, 34, 8, 23, 36, 6, 2, 29, 5, 15, 17, 26, 31, 3, 27, 18, 12, 32, 13, 22]",[1],5,a confederacy of dunces,"here is ignatius reilly slob extraordinary a mad oliver hardy a fat don quixote a perverse thomas aquinas rolled into one who is in violent revolt against the entire modern age lying in his flannel nightshirt in a back bedroom on constantinople street in new orleans who between gigantic seizures of flatulence and eructations is filling dozens of big chief tablets with invectivehis mother thinks he needs to go to work he does in a succession of jobs each job rapidly escalates into a lunatic adventure a fullblown disaster yet each has like don quixotes its own eerie logichis girlfriend myrna minkoff of the bronx thinks he needs sex ignatius is an intellectual ideologue deadbeat goofoff glutton who should repel the reader with his gargantuan bloats his thunderous contempt and oneman war against everybody freud homosexuals heterosexuals protestants and the assorted excesses of modern times a tragicomedy set in new orleans",394,3.89,1980-01-01,2,"3,5,7,9,11,12,14",5.0
4,1963-08-17 16:40:36,0,"[33, 24, 25, 34, 8, 23, 36, 6, 2, 29, 5, 15, 17, 26, 31, 3, 27, 18, 12, 32, 13, 22]",[1],6,the bourne identity,"who is jason bourne is he an assassin a terrorist a thief why has he got four million dollars in a swiss bank account why has someone tried to murder himjason bourne does not know the answer to any of these questions suffering from amnesia he does not even know that he is jason bourne what manner of man is he what are his secrets who has he killed",566,4.05,1980-01-01,7,"2,7,17,18,21,47,49",0.8
4,1963-08-17 16:40:36,0,"[33, 24, 25, 34, 8, 23, 36, 6, 2, 29, 5, 15, 17, 26, 31, 3, 27, 18, 12, 32, 13, 22]",[1],7,congo,"deep in the african rain forest near the legendary ruins of the lost city of zinj an expedition of eight american geologists is mysteriously and brutally killed in a matter of minutesten thousand miles away karen ross the congo project supervisor watches a gruesome video transmission of the aftermath a camp destroyed tents crushed and torn equipment scattered in the mud alongside dead bodies  all motionless except for one moving image  a grainy dark manshaped blurin san francisco primatologist peter elliot works with amy a gorilla with an extraordinary vocabulary of 620 signs the most ever learned by a primate and she likes to fingerpaint but recently her behavior has been erratic and her drawings match with stunning accuracy the brittle pages of a portuguese print dating back to 1642    a drawing of an ancient lost city a new expedition  along with amy  is sent into the congo where they enter a secret world and the only way out may be through a horrifying death source michaelcrichtoncom",480,3.62,1980-01-01,3,"2,7,16,17,18,19,21",0.21
4,1963-08-17 16:40:36,0,"[33, 24, 25, 34, 8, 23, 36, 6, 2, 29, 5, 15, 17, 26, 31, 3, 27, 18, 12, 32, 13, 22]",[1],8,one corpse too many,in the summer of 1138 war between king stephen and the empress maud takes brother cadfael from the quiet world of his garden into a battlefield of passions deceptions and death not far from the safety of the abbey walls shrewsbury castle falls leaving its ninetyfour defenders loyal to the empress to hang as traitors with a heavy heart brother cadfael agrees to bury the dead only to make a grisly discovery one extra victim that has been strangled not hanged,214,4.08,1979-01-01,9,"1,2,4,7,57,58,64",0.0
4,1963-08-17 16:40:36,0,"[33, 24, 25, 34, 8, 23, 36, 6, 2, 29, 5, 15, 17, 26, 31, 3, 27, 18, 12, 32, 13, 22]",[1],9,the indian in the cupboard,"at first omri is unimpressed with the plastic indian toy he is given for his birthday but when he puts it in his old cupboard and turns the key something extraordinary happens that will change omris life for ever for little bear the iroquois indian brave comes to life",192,3.93,1980-01-01,10,"3,7,24,60,62,65,66",0.31
4,1963-08-17 16:40:36,0,"[33, 24, 25, 34, 8, 23, 36, 6, 2, 29, 5, 15, 17, 26, 31, 3, 27, 18, 12, 32, 13, 22]",[1],10,the prince of tides,"pat conroy has created a huge brash thunderstorm of a novel stinging with honesty and resounding with drama spanning forty years this is the story of turbulent tom wingo his gifted and troubled twin sister savannah and the dark and violent past of the extraordinary family into which they were born",679,4.25,1986-01-01,8,"3,5,7,52,53,54,55",0.65
5,1944-11-29 07:11:50,0,[34],"[5, 9, 7, 6]",1,the name of the rose,the year is 1327 benedictines in a wealthy italian abbey are suspected of heresy and brother william of baskerville arrives to investigate when his delicate mission is suddenly overshadowed by seven bizarre deaths brother william turns detective his tools are the logic of aristotle the theology of aquinas the empirical insights of roger baconall sharpened to a glistening edge by wry humor and a ferocious curiosity he collects evidence deciphers secret symbols and coded manuscripts and digs into the eerie labyrinth of the abbey where the most interesting things happen at night,536,4.14,1980-01-01,1,"1,2,3,4,5,6,7",1.14
5,1944-11-29 07:11:50,0,[34],"[5, 9, 7, 6]",2,the clan of the cave bear,"this novel of awesome beauty and power is a moving saga about people relationships and the boundaries of love through jean m auels magnificent storytelling we are taken back to the dawn of modern humans and with a girl named ayla we are swept up in the harsh and beautiful ice age world they shared with the ones who called themselves the clan of the cave beara natural disaster leaves the young girl wandering alone in an unfamiliar and dangerous land until she is found by a woman of the clan people very different from her own kind to them blond blueeyed ayla looks peculiar and uglyshe is one of the others those who have moved into their ancient homeland but iza cannot leave the girl to die and takes her with them iza and creb the old mogur grow to love her and as ayla learns the ways of the clan and izas way of healing most come to accept her but the brutal and proud youth who is destined to become their next leader sees her differences as a threat to his authority he develops a deep and abiding hatred for the strange girl of the others who lives in their midst and is determined to get his revenge",512,4.09,1980-01-01,5,"1,3,4,7,18,24,28",0.98
5,1944-11-29 07:11:50,0,[34],"[5, 9, 7, 6]",3,firestarter,"the department of scientific intelligence aka the shop never anticipated that two participants in their research program would marry and have a child charlie mcgee inherited pyrokinetic powers from her parents who had been given a lowgrade hallucinogen called lot six while at college now the government is trying to capture young charlie and harness her powerful firestarting skills as a weaponstephenkingcom",564,3.91,1980-01-01,4,"7,16,17,19,21,24,34",5.0
5,1944-11-29 07:11:50,0,[34],"[5, 9, 7, 6]",4,cosmos,the story of fifteen billion years of cosmic evolution transforming matter and life into consciousness of how science and civilisation grew up together and of the forces and individuals who helped shape modern science a story told with carl sagans remarkable ability to make scientific ideas both comprehensible and exciting based on his acclaimed television series,384,4.39,1980-01-01,6,"36,37,38,39,40,41,42",1.07
5,1944-11-29 07:11:50,0,[34],"[5, 9, 7, 6]",5,a confederacy of dunces,"here is ignatius reilly slob extraordinary a mad oliver hardy a fat don quixote a perverse thomas aquinas rolled into one who is in violent revolt against the entire modern age lying in his flannel nightshirt in a back bedroom on constantinople street in new orleans who between gigantic seizures of flatulence and eructations is filling dozens of big chief tablets with invectivehis mother thinks he needs to go to work he does in a succession of jobs each job rapidly escalates into a lunatic adventure a fullblown disaster yet each has like don quixotes its own eerie logichis girlfriend myrna minkoff of the bronx thinks he needs sex ignatius is an intellectual ideologue deadbeat goofoff glutton who should repel the reader with his gargantuan bloats his thunderous contempt and oneman war against everybody freud homosexuals heterosexuals protestants and the assorted excesses of modern times a tragicomedy set in new orleans",394,3.89,1980-01-01,2,"3,5,7,9,11,12,14",0.77
5,1944-11-29 07:11:50,0,[34],"[5, 9, 7, 6]",6,the bourne identity,"who is jason bourne is he an assassin a terrorist a thief why has he got four million dollars in a swiss bank account why has someone tried to murder himjason bourne does not know the answer to any of these questions suffering from amnesia he does not even know that he is jason bourne what manner of man is he what are his secrets who has he killed",566,4.05,1980-01-01,7,"2,7,17,18,21,47,49",1.1
5,1944-11-29 07:11:50,0,[34],"[5, 9, 7, 6]",7,congo,"deep in the african rain forest near the legendary ruins of the lost city of zinj an expedition of eight american geologists is mysteriously and brutally killed in a matter of minutesten thousand miles away karen ross the congo project supervisor watches a gruesome video transmission of the aftermath a camp destroyed tents crushed and torn equipment scattered in the mud alongside dead bodies  all motionless except for one moving image  a grainy dark manshaped blurin san francisco primatologist peter elliot works with amy a gorilla with an extraordinary vocabulary of 620 signs the most ever learned by a primate and she likes to fingerpaint but recently her behavior has been erratic and her drawings match with stunning accuracy the brittle pages of a portuguese print dating back to 1642    a drawing of an ancient lost city a new expedition  along with amy  is sent into the congo where they enter a secret world and the only way out may be through a horrifying death source michaelcrichtoncom",480,3.62,1980-01-01,3,"2,7,16,17,18,19,21",4.54
5,1944-11-29 07:11:50,0,[34],"[5, 9, 7, 6]",8,one corpse too many,in the summer of 1138 war between king stephen and the empress maud takes brother cadfael from the quiet world of his garden into a battlefield of passions deceptions and death not far from the safety of the abbey walls shrewsbury castle falls leaving its ninetyfour defenders loyal to the empress to hang as traitors with a heavy heart brother cadfael agrees to bury the dead only to make a grisly discovery one extra victim that has been strangled not hanged,214,4.08,1979-01-01,9,"1,2,4,7,57,58,64",0.0
5,1944-11-29 07:11:50,0,[34],"[5, 9, 7, 6]",9,the indian in the cupboard,"at first omri is unimpressed with the plastic indian toy he is given for his birthday but when he puts it in his old cupboard and turns the key something extraordinary happens that will change omris life for ever for little bear the iroquois indian brave comes to life",192,3.93,1980-01-01,10,"3,7,24,60,62,65,66",0.5
5,1944-11-29 07:11:50,0,[34],"[5, 9, 7, 6]",10,the prince of tides,"pat conroy has created a huge brash thunderstorm of a novel stinging with honesty and resounding with drama spanning forty years this is the story of turbulent tom wingo his gifted and troubled twin sister savannah and the dark and violent past of the extraordinary family into which they were born",679,4.25,1986-01-01,8,"3,5,7,52,53,54,55",1.06
6,1989-06-10 17:51:22,1,[32],"[1, 9, 2, 6]",1,the name of the rose,the year is 1327 benedictines in a wealthy italian abbey are suspected of heresy and brother william of baskerville arrives to investigate when his delicate mission is suddenly overshadowed by seven bizarre deaths brother william turns detective his tools are the logic of aristotle the theology of aquinas the empirical insights of roger baconall sharpened to a glistening edge by wry humor and a ferocious curiosity he collects evidence deciphers secret symbols and coded manuscripts and digs into the eerie labyrinth of the abbey where the most interesting things happen at night,536,4.14,1980-01-01,1,"1,2,3,4,5,6,7",1.14
6,1989-06-10 17:51:22,1,[32],"[1, 9, 2, 6]",2,the clan of the cave bear,"this novel of awesome beauty and power is a moving saga about people relationships and the boundaries of love through jean m auels magnificent storytelling we are taken back to the dawn of modern humans and with a girl named ayla we are swept up in the harsh and beautiful ice age world they shared with the ones who called themselves the clan of the cave beara natural disaster leaves the young girl wandering alone in an unfamiliar and dangerous land until she is found by a woman of the clan people very different from her own kind to them blond blueeyed ayla looks peculiar and uglyshe is one of the others those who have moved into their ancient homeland but iza cannot leave the girl to die and takes her with them iza and creb the old mogur grow to love her and as ayla learns the ways of the clan and izas way of healing most come to accept her but the brutal and proud youth who is destined to become their next leader sees her differences as a threat to his authority he develops a deep and abiding hatred for the strange girl of the others who lives in their midst and is determined to get his revenge",512,4.09,1980-01-01,5,"1,3,4,7,18,24,28",0.98
6,1989-06-10 17:51:22,1,[32],"[1, 9, 2, 6]",3,firestarter,"the department of scientific intelligence aka the shop never anticipated that two participants in their research program would marry and have a child charlie mcgee inherited pyrokinetic powers from her parents who had been given a lowgrade hallucinogen called lot six while at college now the government is trying to capture young charlie and harness her powerful firestarting skills as a weaponstephenkingcom",564,3.91,1980-01-01,4,"7,16,17,19,21,24,34",5.0
6,1989-06-10 17:51:22,1,[32],"[1, 9, 2, 6]",4,cosmos,the story of fifteen billion years of cosmic evolution transforming matter and life into consciousness of how science and civilisation grew up together and of the forces and individuals who helped shape modern science a story told with carl sagans remarkable ability to make scientific ideas both comprehensible and exciting based on his acclaimed television series,384,4.39,1980-01-01,6,"36,37,38,39,40,41,42",1.07
6,1989-06-10 17:51:22,1,[32],"[1, 9, 2, 6]",5,a confederacy of dunces,"here is ignatius reilly slob extraordinary a mad oliver hardy a fat don quixote a perverse thomas aquinas rolled into one who is in violent revolt against the entire modern age lying in his flannel nightshirt in a back bedroom on constantinople street in new orleans who between gigantic seizures of flatulence and eructations is filling dozens of big chief tablets with invectivehis mother thinks he needs to go to work he does in a succession of jobs each job rapidly escalates into a lunatic adventure a fullblown disaster yet each has like don quixotes its own eerie logichis girlfriend myrna minkoff of the bronx thinks he needs sex ignatius is an intellectual ideologue deadbeat goofoff glutton who should repel the reader with his gargantuan bloats his thunderous contempt and oneman war against everybody freud homosexuals heterosexuals protestants and the assorted excesses of modern times a tragicomedy set in new orleans",394,3.89,1980-01-01,2,"3,5,7,9,11,12,14",0.77
6,1989-06-10 17:51:22,1,[32],"[1, 9, 2, 6]",6,the bourne identity,"who is jason bourne is he an assassin a terrorist a thief why has he got four million dollars in a swiss bank account why has someone tried to murder himjason bourne does not know the answer to any of these questions suffering from amnesia he does not even know that he is jason bourne what manner of man is he what are his secrets who has he killed",566,4.05,1980-01-01,7,"2,7,17,18,21,47,49",1.1
6,1989-06-10 17:51:22,1,[32],"[1, 9, 2, 6]",7,congo,"deep in the african rain forest near the legendary ruins of the lost city of zinj an expedition of eight american geologists is mysteriously and brutally killed in a matter of minutesten thousand miles away karen ross the congo project supervisor watches a gruesome video transmission of the aftermath a camp destroyed tents crushed and torn equipment scattered in the mud alongside dead bodies  all motionless except for one moving image  a grainy dark manshaped blurin san francisco primatologist peter elliot works with amy a gorilla with an extraordinary vocabulary of 620 signs the most ever learned by a primate and she likes to fingerpaint but recently her behavior has been erratic and her drawings match with stunning accuracy the brittle pages of a portuguese print dating back to 1642    a drawing of an ancient lost city a new expedition  along with amy  is sent into the congo where they enter a secret world and the only way out may be through a horrifying death source michaelcrichtoncom",480,3.62,1980-01-01,3,"2,7,16,17,18,19,21",0.35
6,1989-06-10 17:51:22,1,[32],"[1, 9, 2, 6]",8,one corpse too many,in the summer of 1138 war between king stephen and the empress maud takes brother cadfael from the quiet world of his garden into a battlefield of passions deceptions and death not far from the safety of the abbey walls shrewsbury castle falls leaving its ninetyfour defenders loyal to the empress to hang as traitors with a heavy heart brother cadfael agrees to bury the dead only to make a grisly discovery one extra victim that has been strangled not hanged,214,4.08,1979-01-01,9,"1,2,4,7,57,58,64",0.0
6,1989-06-10 17:51:22,1,[32],"[1, 9, 2, 6]",9,the indian in the cupboard,"at first omri is unimpressed with the plastic indian toy he is given for his birthday but when he puts it in his old cupboard and turns the key something extraordinary happens that will change omris life for ever for little bear the iroquois indian brave comes to life",192,3.93,1980-01-01,10,"3,7,24,60,62,65,66",0.5
6,1989-06-10 17:51:22,1,[32],"[1, 9, 2, 6]",10,the prince of tides,"pat conroy has created a huge brash thunderstorm of a novel stinging with honesty and resounding with drama spanning forty years this is the story of turbulent tom wingo his gifted and troubled twin sister savannah and the dark and violent past of the extraordinary family into which they were born",679,4.25,1986-01-01,8,"3,5,7,52,53,54,55",1.06
7,1988-05-08 02:44:22,1,"[5, 34, 31, 9, 17, 3, 11, 15, 21, 27, 12, 20, 30, 19, 37, 16, 38, 6, 1, 35, 14]","[9, 5, 1, 7, 6, 3, 2]",1,the name of the rose,the year is 1327 benedictines in a wealthy italian abbey are suspected of heresy and brother william of baskerville arrives to investigate when his delicate mission is suddenly overshadowed by seven bizarre deaths brother william turns detective his tools are the logic of aristotle the theology of aquinas the empirical insights of roger baconall sharpened to a glistening edge by wry humor and a ferocious curiosity he collects evidence deciphers secret symbols and coded manuscripts and digs into the eerie labyrinth of the abbey where the most interesting things happen at night,536,4.14,1980-01-01,1,"1,2,3,4,5,6,7",0.65
7,1988-05-08 02:44:22,1,"[5, 34, 31, 9, 17, 3, 11, 15, 21, 27, 12, 20, 30, 19, 37, 16, 38, 6, 1, 35, 14]","[9, 5, 1, 7, 6, 3, 2]",2,the clan of the cave bear,"this novel of awesome beauty and power is a moving saga about people relationships and the boundaries of love through jean m auels magnificent storytelling we are taken back to the dawn of modern humans and with a girl named ayla we are swept up in the harsh and beautiful ice age world they shared with the ones who called themselves the clan of the cave beara natural disaster leaves the young girl wandering alone in an unfamiliar and dangerous land until she is found by a woman of the clan people very different from her own kind to them blond blueeyed ayla looks peculiar and uglyshe is one of the others those who have moved into their ancient homeland but iza cannot leave the girl to die and takes her with them iza and creb the old mogur grow to love her and as ayla learns the ways of the clan and izas way of healing most come to accept her but the brutal and proud youth who is destined to become their next leader sees her differences as a threat to his authority he develops a deep and abiding hatred for the strange girl of the others who lives in their midst and is determined to get his revenge",512,4.09,1980-01-01,5,"1,3,4,7,18,24,28",0.18
7,1988-05-08 02:44:22,1,"[5, 34, 31, 9, 17, 3, 11, 15, 21, 27, 12, 20, 30, 19, 37, 16, 38, 6, 1, 35, 14]","[9, 5, 1, 7, 6, 3, 2]",3,firestarter,"the department of scientific intelligence aka the shop never anticipated that two participants in their research program would marry and have a child charlie mcgee inherited pyrokinetic powers from her parents who had been given a lowgrade hallucinogen called lot six while at college now the government is trying to capture young charlie and harness her powerful firestarting skills as a weaponstephenkingcom",564,3.91,1980-01-01,4,"7,16,17,19,21,24,34",0.4
7,1988-05-08 02:44:22,1,"[5, 34, 31, 9, 17, 3, 11, 15, 21, 27, 12, 20, 30, 19, 37, 16, 38, 6, 1, 35, 14]","[9, 5, 1, 7, 6, 3, 2]",4,cosmos,the story of fifteen billion years of cosmic evolution transforming matter and life into consciousness of how science and civilisation grew up together and of the forces and individuals who helped shape modern science a story told with carl sagans remarkable ability to make scientific ideas both comprehensible and exciting based on his acclaimed television series,384,4.39,1980-01-01,6,"36,37,38,39,40,41,42",0.24
7,1988-05-08 02:44:22,1,"[5, 34, 31, 9, 17, 3, 11, 15, 21, 27, 12, 20, 30, 19, 37, 16, 38, 6, 1, 35, 14]","[9, 5, 1, 7, 6, 3, 2]",5,a confederacy of dunces,"here is ignatius reilly slob extraordinary a mad oliver hardy a fat don quixote a perverse thomas aquinas rolled into one who is in violent revolt against the entire modern age lying in his flannel nightshirt in a back bedroom on constantinople street in new orleans who between gigantic seizures of flatulence and eructations is filling dozens of big chief tablets with invectivehis mother thinks he needs to go to work he does in a succession of jobs each job rapidly escalates into a lunatic adventure a fullblown disaster yet each has like don quixotes its own eerie logichis girlfriend myrna minkoff of the bronx thinks he needs sex ignatius is an intellectual ideologue deadbeat goofoff glutton who should repel the reader with his gargantuan bloats his thunderous contempt and oneman war against everybody freud homosexuals heterosexuals protestants and the assorted excesses of modern times a tragicomedy set in new orleans",394,3.89,1980-01-01,2,"3,5,7,9,11,12,14",0.42
7,1988-05-08 02:44:22,1,"[5, 34, 31, 9, 17, 3, 11, 15, 21, 27, 12, 20, 30, 19, 37, 16, 38, 6, 1, 35, 14]","[9, 5, 1, 7, 6, 3, 2]",6,the bourne identity,"who is jason bourne is he an assassin a terrorist a thief why has he got four million dollars in a swiss bank account why has someone tried to murder himjason bourne does not know the answer to any of these questions suffering from amnesia he does not even know that he is jason bourne what manner of man is he what are his secrets who has he killed",566,4.05,1980-01-01,7,"2,7,17,18,21,47,49",5.0
7,1988-05-08 02:44:22,1,"[5, 34, 31, 9, 17, 3, 11, 15, 21, 27, 12, 20, 30, 19, 37, 16, 38, 6, 1, 35, 14]","[9, 5, 1, 7, 6, 3, 2]",7,congo,"deep in the african rain forest near the legendary ruins of the lost city of zinj an expedition of eight american geologists is mysteriously and brutally killed in a matter of minutesten thousand miles away karen ross the congo project supervisor watches a gruesome video transmission of the aftermath a camp destroyed tents crushed and torn equipment scattered in the mud alongside dead bodies  all motionless except for one moving image  a grainy dark manshaped blurin san francisco primatologist peter elliot works with amy a gorilla with an extraordinary vocabulary of 620 signs the most ever learned by a primate and she likes to fingerpaint but recently her behavior has been erratic and her drawings match with stunning accuracy the brittle pages of a portuguese print dating back to 1642    a drawing of an ancient lost city a new expedition  along with amy  is sent into the congo where they enter a secret world and the only way out may be through a horrifying death source michaelcrichtoncom",480,3.62,1980-01-01,3,"2,7,16,17,18,19,21",3.93
7,1988-05-08 02:44:22,1,"[5, 34, 31, 9, 17, 3, 11, 15, 21, 27, 12, 20, 30, 19, 37, 16, 38, 6, 1, 35, 14]","[9, 5, 1, 7, 6, 3, 2]",8,one corpse too many,in the summer of 1138 war between king stephen and the empress maud takes brother cadfael from the quiet world of his garden into a battlefield of passions deceptions and death not far from the safety of the abbey walls shrewsbury castle falls leaving its ninetyfour defenders loyal to the empress to hang as traitors with a heavy heart brother cadfael agrees to bury the dead only to make a grisly discovery one extra victim that has been strangled not hanged,214,4.08,1979-01-01,9,"1,2,4,7,57,58,64",3.54
7,1988-05-08 02:44:22,1,"[5, 34, 31, 9, 17, 3, 11, 15, 21, 27, 12, 20, 30, 19, 37, 16, 38, 6, 1, 35, 14]","[9, 5, 1, 7, 6, 3, 2]",9,the indian in the cupboard,"at first omri is unimpressed with the plastic indian toy he is given for his birthday but when he puts it in his old cupboard and turns the key something extraordinary happens that will change omris life for ever for little bear the iroquois indian brave comes to life",192,3.93,1980-01-01,10,"3,7,24,60,62,65,66",0.0
7,1988-05-08 02:44:22,1,"[5, 34, 31, 9, 17, 3, 11, 15, 21, 27, 12, 20, 30, 19, 37, 16, 38, 6, 1, 35, 14]","[9, 5, 1, 7, 6, 3, 2]",10,the prince of tides,"pat conroy has created a huge brash thunderstorm of a novel stinging with honesty and resounding with drama spanning forty years this is the story of turbulent tom wingo his gifted and troubled twin sister savannah and the dark and violent past of the extraordinary family into which they were born",679,4.25,1986-01-01,8,"3,5,7,52,53,54,55",0.23
8,1943-11-25 21:24:08,0,"[27, 33, 8, 23, 25, 13, 12, 2, 5, 7, 20, 15, 10, 36]","[5, 4]",1,the name of the rose,the year is 1327 benedictines in a wealthy italian abbey are suspected of heresy and brother william of baskerville arrives to investigate when his delicate mission is suddenly overshadowed by seven bizarre deaths brother william turns detective his tools are the logic of aristotle the theology of aquinas the empirical insights of roger baconall sharpened to a glistening edge by wry humor and a ferocious curiosity he collects evidence deciphers secret symbols and coded manuscripts and digs into the eerie labyrinth of the abbey where the most interesting things happen at night,536,4.14,1980-01-01,1,"1,2,3,4,5,6,7",4.42
8,1943-11-25 21:24:08,0,"[27, 33, 8, 23, 25, 13, 12, 2, 5, 7, 20, 15, 10, 36]","[5, 4]",2,the clan of the cave bear,"this novel of awesome beauty and power is a moving saga about people relationships and the boundaries of love through jean m auels magnificent storytelling we are taken back to the dawn of modern humans and with a girl named ayla we are swept up in the harsh and beautiful ice age world they shared with the ones who called themselves the clan of the cave beara natural disaster leaves the young girl wandering alone in an unfamiliar and dangerous land until she is found by a woman of the clan people very different from her own kind to them blond blueeyed ayla looks peculiar and uglyshe is one of the others those who have moved into their ancient homeland but iza cannot leave the girl to die and takes her with them iza and creb the old mogur grow to love her and as ayla learns the ways of the clan and izas way of healing most come to accept her but the brutal and proud youth who is destined to become their next leader sees her differences as a threat to his authority he develops a deep and abiding hatred for the strange girl of the others who lives in their midst and is determined to get his revenge",512,4.09,1980-01-01,5,"1,3,4,7,18,24,28",5.0
8,1943-11-25 21:24:08,0,"[27, 33, 8, 23, 25, 13, 12, 2, 5, 7, 20, 15, 10, 36]","[5, 4]",3,firestarter,"the department of scientific intelligence aka the shop never anticipated that two participants in their research program would marry and have a child charlie mcgee inherited pyrokinetic powers from her parents who had been given a lowgrade hallucinogen called lot six while at college now the government is trying to capture young charlie and harness her powerful firestarting skills as a weaponstephenkingcom",564,3.91,1980-01-01,4,"7,16,17,19,21,24,34",0.32
8,1943-11-25 21:24:08,0,"[27, 33, 8, 23, 25, 13, 12, 2, 5, 7, 20, 15, 10, 36]","[5, 4]",4,cosmos,the story of fifteen billion years of cosmic evolution transforming matter and life into consciousness of how science and civilisation grew up together and of the forces and individuals who helped shape modern science a story told with carl sagans remarkable ability to make scientific ideas both comprehensible and exciting based on his acclaimed television series,384,4.39,1980-01-01,6,"36,37,38,39,40,41,42",0.47
8,1943-11-25 21:24:08,0,"[27, 33, 8, 23, 25, 13, 12, 2, 5, 7, 20, 15, 10, 36]","[5, 4]",5,a confederacy of dunces,"here is ignatius reilly slob extraordinary a mad oliver hardy a fat don quixote a perverse thomas aquinas rolled into one who is in violent revolt against the entire modern age lying in his flannel nightshirt in a back bedroom on constantinople street in new orleans who between gigantic seizures of flatulence and eructations is filling dozens of big chief tablets with invectivehis mother thinks he needs to go to work he does in a succession of jobs each job rapidly escalates into a lunatic adventure a fullblown disaster yet each has like don quixotes its own eerie logichis girlfriend myrna minkoff of the bronx thinks he needs sex ignatius is an intellectual ideologue deadbeat goofoff glutton who should repel the reader with his gargantuan bloats his thunderous contempt and oneman war against everybody freud homosexuals heterosexuals protestants and the assorted excesses of modern times a tragicomedy set in new orleans",394,3.89,1980-01-01,2,"3,5,7,9,11,12,14",0.6
8,1943-11-25 21:24:08,0,"[27, 33, 8, 23, 25, 13, 12, 2, 5, 7, 20, 15, 10, 36]","[5, 4]",6,the bourne identity,"who is jason bourne is he an assassin a terrorist a thief why has he got four million dollars in a swiss bank account why has someone tried to murder himjason bourne does not know the answer to any of these questions suffering from amnesia he does not even know that he is jason bourne what manner of man is he what are his secrets who has he killed",566,4.05,1980-01-01,7,"2,7,17,18,21,47,49",0.48
8,1943-11-25 21:24:08,0,"[27, 33, 8, 23, 25, 13, 12, 2, 5, 7, 20, 15, 10, 36]","[5, 4]",7,congo,"deep in the african rain forest near the legendary ruins of the lost city of zinj an expedition of eight american geologists is mysteriously and brutally killed in a matter of minutesten thousand miles away karen ross the congo project supervisor watches a gruesome video transmission of the aftermath a camp destroyed tents crushed and torn equipment scattered in the mud alongside dead bodies  all motionless except for one moving image  a grainy dark manshaped blurin san francisco primatologist peter elliot works with amy a gorilla with an extraordinary vocabulary of 620 signs the most ever learned by a primate and she likes to fingerpaint but recently her behavior has been erratic and her drawings match with stunning accuracy the brittle pages of a portuguese print dating back to 1642    a drawing of an ancient lost city a new expedition  along with amy  is sent into the congo where they enter a secret world and the only way out may be through a horrifying death source michaelcrichtoncom",480,3.62,1980-01-01,3,"2,7,16,17,18,19,21",0.92
8,1943-11-25 21:24:08,0,"[27, 33, 8, 23, 25, 13, 12, 2, 5, 7, 20, 15, 10, 36]","[5, 4]",8,one corpse too many,in the summer of 1138 war between king stephen and the empress maud takes brother cadfael from the quiet world of his garden into a battlefield of passions deceptions and death not far from the safety of the abbey walls shrewsbury castle falls leaving its ninetyfour defenders loyal to the empress to hang as traitors with a heavy heart brother cadfael agrees to bury the dead only to make a grisly discovery one extra victim that has been strangled not hanged,214,4.08,1979-01-01,9,"1,2,4,7,57,58,64",0.0
8,1943-11-25 21:24:08,0,"[27, 33, 8, 23, 25, 13, 12, 2, 5, 7, 20, 15, 10, 36]","[5, 4]",9,the indian in the cupboard,"at first omri is unimpressed with the plastic indian toy he is given for his birthday but when he puts it in his old cupboard and turns the key something extraordinary happens that will change omris life for ever for little bear the iroquois indian brave comes to life",192,3.93,1980-01-01,10,"3,7,24,60,62,65,66",0.22
8,1943-11-25 21:24:08,0,"[27, 33, 8, 23, 25, 13, 12, 2, 5, 7, 20, 15, 10, 36]","[5, 4]",10,the prince of tides,"pat conroy has created a huge brash thunderstorm of a novel stinging with honesty and resounding with drama spanning forty years this is the story of turbulent tom wingo his gifted and troubled twin sister savannah and the dark and violent past of the extraordinary family into which they were born",679,4.25,1986-01-01,8,"3,5,7,52,53,54,55",0.46
9,1994-08-04 03:09:54,1,"[31, 21, 10, 37, 17, 11, 5, 29, 16, 23, 1, 13, 3, 35, 32, 7, 8, 15, 6]",[2],1,the name of the rose,the year is 1327 benedictines in a wealthy italian abbey are suspected of heresy and brother william of baskerville arrives to investigate when his delicate mission is suddenly overshadowed by seven bizarre deaths brother william turns detective his tools are the logic of aristotle the theology of aquinas the empirical insights of roger baconall sharpened to a glistening edge by wry humor and a ferocious curiosity he collects evidence deciphers secret symbols and coded manuscripts and digs into the eerie labyrinth of the abbey where the most interesting things happen at night,536,4.14,1980-01-01,1,"1,2,3,4,5,6,7",0.76
9,1994-08-04 03:09:54,1,"[31, 21, 10, 37, 17, 11, 5, 29, 16, 23, 1, 13, 3, 35, 32, 7, 8, 15, 6]",[2],2,the clan of the cave bear,"this novel of awesome beauty and power is a moving saga about people relationships and the boundaries of love through jean m auels magnificent storytelling we are taken back to the dawn of modern humans and with a girl named ayla we are swept up in the harsh and beautiful ice age world they shared with the ones who called themselves the clan of the cave beara natural disaster leaves the young girl wandering alone in an unfamiliar and dangerous land until she is found by a woman of the clan people very different from her own kind to them blond blueeyed ayla looks peculiar and uglyshe is one of the others those who have moved into their ancient homeland but iza cannot leave the girl to die and takes her with them iza and creb the old mogur grow to love her and as ayla learns the ways of the clan and izas way of healing most come to accept her but the brutal and proud youth who is destined to become their next leader sees her differences as a threat to his authority he develops a deep and abiding hatred for the strange girl of the others who lives in their midst and is determined to get his revenge",512,4.09,1980-01-01,5,"1,3,4,7,18,24,28",0.43
9,1994-08-04 03:09:54,1,"[31, 21, 10, 37, 17, 11, 5, 29, 16, 23, 1, 13, 3, 35, 32, 7, 8, 15, 6]",[2],3,firestarter,"the department of scientific intelligence aka the shop never anticipated that two participants in their research program would marry and have a child charlie mcgee inherited pyrokinetic powers from her parents who had been given a lowgrade hallucinogen called lot six while at college now the government is trying to capture young charlie and harness her powerful firestarting skills as a weaponstephenkingcom",564,3.91,1980-01-01,4,"7,16,17,19,21,24,34",5.0
9,1994-08-04 03:09:54,1,"[31, 21, 10, 37, 17, 11, 5, 29, 16, 23, 1, 13, 3, 35, 32, 7, 8, 15, 6]",[2],4,cosmos,the story of fifteen billion years of cosmic evolution transforming matter and life into consciousness of how science and civilisation grew up together and of the forces and individuals who helped shape modern science a story told with carl sagans remarkable ability to make scientific ideas both comprehensible and exciting based on his acclaimed television series,384,4.39,1980-01-01,6,"36,37,38,39,40,41,42",4.39
9,1994-08-04 03:09:54,1,"[31, 21, 10, 37, 17, 11, 5, 29, 16, 23, 1, 13, 3, 35, 32, 7, 8, 15, 6]",[2],5,a confederacy of dunces,"here is ignatius reilly slob extraordinary a mad oliver hardy a fat don quixote a perverse thomas aquinas rolled into one who is in violent revolt against the entire modern age lying in his flannel nightshirt in a back bedroom on constantinople street in new orleans who between gigantic seizures of flatulence and eructations is filling dozens of big chief tablets with invectivehis mother thinks he needs to go to work he does in a succession of jobs each job rapidly escalates into a lunatic adventure a fullblown disaster yet each has like don quixotes its own eerie logichis girlfriend myrna minkoff of the bronx thinks he needs sex ignatius is an intellectual ideologue deadbeat goofoff glutton who should repel the reader with his gargantuan bloats his thunderous contempt and oneman war against everybody freud homosexuals heterosexuals protestants and the assorted excesses of modern times a tragicomedy set in new orleans",394,3.89,1980-01-01,2,"3,5,7,9,11,12,14",0.6
9,1994-08-04 03:09:54,1,"[31, 21, 10, 37, 17, 11, 5, 29, 16, 23, 1, 13, 3, 35, 32, 7, 8, 15, 6]",[2],6,the bourne identity,"who is jason bourne is he an assassin a terrorist a thief why has he got four million dollars in a swiss bank account why has someone tried to murder himjason bourne does not know the answer to any of these questions suffering from amnesia he does not even know that he is jason bourne what manner of man is he what are his secrets who has he killed",566,4.05,1980-01-01,7,"2,7,17,18,21,47,49",0.57
9,1994-08-04 03:09:54,1,"[31, 21, 10, 37, 17, 11, 5, 29, 16, 23, 1, 13, 3, 35, 32, 7, 8, 15, 6]",[2],7,congo,"deep in the african rain forest near the legendary ruins of the lost city of zinj an expedition of eight american geologists is mysteriously and brutally killed in a matter of minutesten thousand miles away karen ross the congo project supervisor watches a gruesome video transmission of the aftermath a camp destroyed tents crushed and torn equipment scattered in the mud alongside dead bodies  all motionless except for one moving image  a grainy dark manshaped blurin san francisco primatologist peter elliot works with amy a gorilla with an extraordinary vocabulary of 620 signs the most ever learned by a primate and she likes to fingerpaint but recently her behavior has been erratic and her drawings match with stunning accuracy the brittle pages of a portuguese print dating back to 1642    a drawing of an ancient lost city a new expedition  along with amy  is sent into the congo where they enter a secret world and the only way out may be through a horrifying death source michaelcrichtoncom",480,3.62,1980-01-01,3,"2,7,16,17,18,19,21",0.93
9,1994-08-04 03:09:54,1,"[31, 21, 10, 37, 17, 11, 5, 29, 16, 23, 1, 13, 3, 35, 32, 7, 8, 15, 6]",[2],8,one corpse too many,in the summer of 1138 war between king stephen and the empress maud takes brother cadfael from the quiet world of his garden into a battlefield of passions deceptions and death not far from the safety of the abbey walls shrewsbury castle falls leaving its ninetyfour defenders loyal to the empress to hang as traitors with a heavy heart brother cadfael agrees to bury the dead only to make a grisly discovery one extra victim that has been strangled not hanged,214,4.08,1979-01-01,9,"1,2,4,7,57,58,64",0.0
9,1994-08-04 03:09:54,1,"[31, 21, 10, 37, 17, 11, 5, 29, 16, 23, 1, 13, 3, 35, 32, 7, 8, 15, 6]",[2],9,the indian in the cupboard,"at first omri is unimpressed with the plastic indian toy he is given for his birthday but when he puts it in his old cupboard and turns the key something extraordinary happens that will change omris life for ever for little bear the iroquois indian brave comes to life",192,3.93,1980-01-01,10,"3,7,24,60,62,65,66",0.22
9,1994-08-04 03:09:54,1,"[31, 21, 10, 37, 17, 11, 5, 29, 16, 23, 1, 13, 3, 35, 32, 7, 8, 15, 6]",[2],10,the prince of tides,"pat conroy has created a huge brash thunderstorm of a novel stinging with honesty and resounding with drama spanning forty years this is the story of turbulent tom wingo his gifted and troubled twin sister savannah and the dark and violent past of the extraordinary family into which they were born",679,4.25,1986-01-01,8,"3,5,7,52,53,54,55",0.47
10,1952-01-01 13:57:22,1,"[24, 33, 32, 15, 17, 26, 7, 19]","[2, 7, 6, 5, 3]",1,the name of the rose,the year is 1327 benedictines in a wealthy italian abbey are suspected of heresy and brother william of baskerville arrives to investigate when his delicate mission is suddenly overshadowed by seven bizarre deaths brother william turns detective his tools are the logic of aristotle the theology of aquinas the empirical insights of roger baconall sharpened to a glistening edge by wry humor and a ferocious curiosity he collects evidence deciphers secret symbols and coded manuscripts and digs into the eerie labyrinth of the abbey where the most interesting things happen at night,536,4.14,1980-01-01,1,"1,2,3,4,5,6,7",2.71
10,1952-01-01 13:57:22,1,"[24, 33, 32, 15, 17, 26, 7, 19]","[2, 7, 6, 5, 3]",2,the clan of the cave bear,"this novel of awesome beauty and power is a moving saga about people relationships and the boundaries of love through jean m auels magnificent storytelling we are taken back to the dawn of modern humans and with a girl named ayla we are swept up in the harsh and beautiful ice age world they shared with the ones who called themselves the clan of the cave beara natural disaster leaves the young girl wandering alone in an unfamiliar and dangerous land until she is found by a woman of the clan people very different from her own kind to them blond blueeyed ayla looks peculiar and uglyshe is one of the others those who have moved into their ancient homeland but iza cannot leave the girl to die and takes her with them iza and creb the old mogur grow to love her and as ayla learns the ways of the clan and izas way of healing most come to accept her but the brutal and proud youth who is destined to become their next leader sees her differences as a threat to his authority he develops a deep and abiding hatred for the strange girl of the others who lives in their midst and is determined to get his revenge",512,4.09,1980-01-01,5,"1,3,4,7,18,24,28",2.33
10,1952-01-01 13:57:22,1,"[24, 33, 32, 15, 17, 26, 7, 19]","[2, 7, 6, 5, 3]",3,firestarter,"the department of scientific intelligence aka the shop never anticipated that two participants in their research program would marry and have a child charlie mcgee inherited pyrokinetic powers from her parents who had been given a lowgrade hallucinogen called lot six while at college now the government is trying to capture young charlie and harness her powerful firestarting skills as a weaponstephenkingcom",564,3.91,1980-01-01,4,"7,16,17,19,21,24,34",1.75
10,1952-01-01 13:57:22,1,"[24, 33, 32, 15, 17, 26, 7, 19]","[2, 7, 6, 5, 3]",4,cosmos,the story of fifteen billion years of cosmic evolution transforming matter and life into consciousness of how science and civilisation grew up together and of the forces and individuals who helped shape modern science a story told with carl sagans remarkable ability to make scientific ideas both comprehensible and exciting based on his acclaimed television series,384,4.39,1980-01-01,6,"36,37,38,39,40,41,42",2.55
10,1952-01-01 13:57:22,1,"[24, 33, 32, 15, 17, 26, 7, 19]","[2, 7, 6, 5, 3]",5,a confederacy of dunces,"here is ignatius reilly slob extraordinary a mad oliver hardy a fat don quixote a perverse thomas aquinas rolled into one who is in violent revolt against the entire modern age lying in his flannel nightshirt in a back bedroom on constantinople street in new orleans who between gigantic seizures of flatulence and eructations is filling dozens of big chief tablets with invectivehis mother thinks he needs to go to work he does in a succession of jobs each job rapidly escalates into a lunatic adventure a fullblown disaster yet each has like don quixotes its own eerie logichis girlfriend myrna minkoff of the bronx thinks he needs sex ignatius is an intellectual ideologue deadbeat goofoff glutton who should repel the reader with his gargantuan bloats his thunderous contempt and oneman war against everybody freud homosexuals heterosexuals protestants and the assorted excesses of modern times a tragicomedy set in new orleans",394,3.89,1980-01-01,2,"3,5,7,9,11,12,14",1.85
10,1952-01-01 13:57:22,1,"[24, 33, 32, 15, 17, 26, 7, 19]","[2, 7, 6, 5, 3]",6,the bourne identity,"who is jason bourne is he an assassin a terrorist a thief why has he got four million dollars in a swiss bank account why has someone tried to murder himjason bourne does not know the answer to any of these questions suffering from amnesia he does not even know that he is jason bourne what manner of man is he what are his secrets who has he killed",566,4.05,1980-01-01,7,"2,7,17,18,21,47,49",2.62
10,1952-01-01 13:57:22,1,"[24, 33, 32, 15, 17, 26, 7, 19]","[2, 7, 6, 5, 3]",7,congo,"deep in the african rain forest near the legendary ruins of the lost city of zinj an expedition of eight american geologists is mysteriously and brutally killed in a matter of minutesten thousand miles away karen ross the congo project supervisor watches a gruesome video transmission of the aftermath a camp destroyed tents crushed and torn equipment scattered in the mud alongside dead bodies  all motionless except for one moving image  a grainy dark manshaped blurin san francisco primatologist peter elliot works with amy a gorilla with an extraordinary vocabulary of 620 signs the most ever learned by a primate and she likes to fingerpaint but recently her behavior has been erratic and her drawings match with stunning accuracy the brittle pages of a portuguese print dating back to 1642    a drawing of an ancient lost city a new expedition  along with amy  is sent into the congo where they enter a secret world and the only way out may be through a horrifying death source michaelcrichtoncom",480,3.62,1980-01-01,3,"2,7,16,17,18,19,21",28.937440081269592
10,1952-01-01 13:57:22,1,"[24, 33, 32, 15, 17, 26, 7, 19]","[2, 7, 6, 5, 3]",8,one corpse too many,in the summer of 1138 war between king stephen and the empress maud takes brother cadfael from the quiet world of his garden into a battlefield of passions deceptions and death not far from the safety of the abbey walls shrewsbury castle falls leaving its ninetyfour defenders loyal to the empress to hang as traitors with a heavy heart brother cadfael agrees to bury the dead only to make a grisly discovery one extra victim that has been strangled not hanged,214,4.08,1979-01-01,9,"1,2,4,7,57,58,64",0.0
10,1952-01-01 13:57:22,1,"[24, 33, 32, 15, 17, 26, 7, 19]","[2, 7, 6, 5, 3]",9,the indian in the cupboard,"at first omri is unimpressed with the plastic indian toy he is given for his birthday but when he puts it in his old cupboard and turns the key something extraordinary happens that will change omris life for ever for little bear the iroquois indian brave comes to life",192,3.93,1980-01-01,10,"3,7,24,60,62,65,66",1.19
10,1952-01-01 13:57:22,1,"[24, 33, 32, 15, 17, 26, 7, 19]","[2, 7, 6, 5, 3]",10,the prince of tides,"pat conroy has created a huge brash thunderstorm of a novel stinging with honesty and resounding with drama spanning forty years this is the story of turbulent tom wingo his gifted and troubled twin sister savannah and the dark and violent past of the extraordinary family into which they were born",679,4.25,1986-01-01,8,"3,5,7,52,53,54,55",2.52
